index,month,cust_id,usage_type,usage_value,usage_units,plan
0,2014-11,14,data,51.7,GBs,Bronze
1,2014-11,4,mobile,1950.0,mins,Gold
2,2014-11,6,mobile,3450.0,mins,Silver
3,2014-11,15,mobile,600.0,mins,Bronze
4,2014-11,12,mobile,600.0,mins,Bronze
5,2014-11,15,mobile,600.0,mins,Bronze
6,2014-11,5,data,23.9,GBs,Gold
7,2014-11,10,mobile,90300.0,mins,Silver
8,2014-11,10,mobile,157500.0,mins,Silver
9,2014-11,12,voicemail,19.0,mins,Bronze
10,2014-11,6,mobile,177450.0,mins,Silver
11,2014-11,10,mobile,150.0,mins,Silver
12,2014-11,10,mobile,150.0,mins,Silver
13,2014-11,15,data,67.6,GBs,Bronze
14,2014-11,13,mobile,150.0,mins,Bronze
15,2014-11,13,mobile,150.0,mins,Bronze
16,2014-11,10,mobile,150.0,mins,Silver
17,2014-11,5,mobile,150.0,mins,Gold
18,2014-11,3,mobile,150.0,mins,Gold
19,2014-11,8,mobile,13800.0,mins,Silver
20,2014-11,5,mobile,600.0,mins,Gold
21,2014-11,13,mobile,56250.0,mins,Bronze
22,2014-11,4,mobile,150.0,mins,Gold
23,2014-11,5,mobile,150.0,mins,Gold
24,2014-11,3,mobile,150.0,mins,Gold
25,2014-11,3,mobile,150.0,mins,Gold
26,2014-11,13,data,981.1,GBs,Bronze
27,2014-11,11,mobile,117450.0,mins,Bronze
28,2014-11,4,mobile,600.0,mins,Gold
29,2014-11,2,mobile,450.0,mins,Gold
30,2014-11,2,mobile,15150.0,mins,Gold
31,2014-11,9,mobile,257100.0,mins,Silver
32,2014-11,13,voicemail,96.0,mins,Bronze
33,2014-11,5,mobile,150.0,mins,Gold
34,2014-11,7,mobile,57600.0,mins,Silver
35,2014-11,8,mobile,600.0,mins,Silver
36,2014-11,10,mobile,150.0,mins,Silver
37,2014-11,1,mobile,150.0,mins,Gold
38,2014-11,6,mobile,150.0,mins,Silver
39,2014-11,5,data,22.1,GBs,Gold
40,2014-11,10,mobile,7950.0,mins,Silver
41,2014-11,14,mobile,12900.0,mins,Bronze
42,2014-11,9,mobile,3450.0,mins,Silver
43,2014-11,10,mobile,5700.0,mins,Silver
44,2014-11,6,mobile,64200.0,mins,Silver
45,2014-11,4,data,22.1,GBs,Gold
46,2014-11,14,voicemail,69.0,mins,Bronze
47,2014-11,11,voicemail,18.0,mins,Bronze
48,2014-11,4,mobile,450.0,mins,Gold
49,2014-11,13,landline,6.0,mins,Bronze
50,2014-11,13,mobile,750.0,mins,Bronze
51,2014-11,4,mobile,19650.0,mins,Gold
52,2014-11,4,mobile,150.0,mins,Gold
53,2014-11,4,mobile,150.0,mins,Gold
54,2014-11,13,data,1278.9,GBs,Bronze
55,2014-11,9,mobile,82500.0,mins,Silver
56,2014-11,10,data,86.2,GBs,Silver
57,2014-11,9,mobile,1050.0,mins,Silver
58,2014-11,15,data,18.7,GBs,Bronze
59,2014-11,12,landline,1940.0,mins,Bronze
60,2014-11,7,mobile,42150.0,mins,Silver
61,2014-11,15,mobile,150.0,mins,Bronze
62,2014-11,3,mobile,150.0,mins,Gold
63,2014-11,2,mobile,150.0,mins,Gold
64,2014-11,4,mobile,3600.0,mins,Gold
65,2014-11,7,mobile,39450.0,mins,Silver
66,2014-11,12,data,55.9,GBs,Bronze
67,2014-11,1,mobile,150.0,mins,Gold
68,2014-11,1,mobile,150.0,mins,Gold
69,2014-11,1,mobile,150.0,mins,Gold
70,2014-11,1,mobile,150.0,mins,Gold
71,2014-11,3,mobile,150.0,mins,Gold
72,2014-11,1,mobile,150.0,mins,Gold
73,2014-11,4,mobile,150.0,mins,Gold
74,2014-11,5,mobile,150.0,mins,Gold
75,2014-11,10,mobile,150.0,mins,Silver
76,2014-11,1,mobile,150.0,mins,Gold
77,2014-11,3,mobile,150.0,mins,Gold
78,2014-11,13,mobile,58050.0,mins,Bronze
79,2014-11,3,mobile,150.0,mins,Gold
80,2014-11,13,data,18.8,GBs,Bronze
81,2014-11,15,data,18.7,GBs,Bronze
82,2014-11,9,mobile,600.0,mins,Silver
83,2014-11,15,mobile,95550.0,mins,Bronze
84,2014-11,6,mobile,4200.0,mins,Silver
85,2014-11,10,mobile,9300.0,mins,Silver
86,2014-11,12,mobile,450.0,mins,Bronze
87,2014-11,1,data,35.7,GBs,Gold
88,2014-11,7,mobile,21900.0,mins,Silver
89,2014-11,7,mobile,7200.0,mins,Silver
90,2014-11,10,mobile,129300.0,mins,Silver
91,2014-11,9,mobile,3750.0,mins,Silver
92,2014-11,14,data,11.6,GBs,Bronze
93,2014-11,12,landline,833.0,mins,Bronze
94,2014-11,15,mobile,30900.0,mins,Bronze
95,2014-11,7,data,12.0,GBs,Silver
96,2014-11,5,mobile,66300.0,mins,Gold
97,2014-11,1,data,17.7,GBs,Gold
98,2014-11,3,mobile,69450.0,mins,Gold
99,2014-11,2,mobile,600.0,mins,Gold
100,2014-11,9,mobile,600.0,mins,Silver
101,2014-11,7,data,14.4,GBs,Silver
102,2014-11,4,mobile,150.0,mins,Gold
103,2014-11,3,mobile,150.0,mins,Gold
104,2014-11,7,mobile,750.0,mins,Silver
105,2014-11,15,mobile,185100.0,mins,Bronze
106,2014-11,8,mobile,6450.0,mins,Silver
107,2014-11,7,mobile,150.0,mins,Silver
108,2014-11,6,mobile,150.0,mins,Silver
109,2014-11,10,mobile,72450.0,mins,Silver
110,2014-11,11,mobile,450.0,mins,Bronze
111,2014-11,10,data,39.3,GBs,Silver
112,2014-11,1,mobile,143250.0,mins,Gold
113,2014-11,15,mobile,600.0,mins,Bronze
114,2014-11,9,data,15.0,GBs,Silver
115,2014-11,7,mobile,68850.0,mins,Silver
116,2014-11,6,mobile,153450.0,mins,Silver
117,2014-11,9,mobile,153750.0,mins,Silver
118,2014-11,8,mobile,25350.0,mins,Silver
119,2014-11,9,mobile,1200.0,mins,Silver
120,2014-11,9,data,12.8,GBs,Silver
121,2014-11,11,special,1.0,mins,Bronze
122,2014-11,7,mobile,20250.0,mins,Silver
123,2014-11,4,mobile,1050.0,mins,Gold
124,2014-11,1,mobile,5550.0,mins,Gold
125,2014-11,1,mobile,150.0,mins,Gold
126,2014-11,8,mobile,750.0,mins,Silver
127,2014-11,14,landline,123.0,mins,Bronze
128,2014-11,12,mobile,600.0,mins,Bronze
129,2014-11,2,mobile,13500.0,mins,Gold
130,2014-11,12,mobile,450.0,mins,Bronze
131,2014-11,4,data,759.7,GBs,Gold
132,2014-11,4,mobile,150.0,mins,Gold
133,2014-11,2,mobile,150.0,mins,Gold
134,2014-11,9,mobile,150.0,mins,Silver
135,2014-11,6,mobile,150.0,mins,Silver
136,2014-11,11,voicemail,1.0,mins,Bronze
137,2014-11,12,voicemail,98.0,mins,Bronze
138,2014-11,6,mobile,150.0,mins,Silver
139,2014-11,10,mobile,1200.0,mins,Silver
140,2014-11,8,mobile,1350.0,mins,Silver
141,2014-11,8,mobile,600.0,mins,Silver
142,2014-11,10,mobile,150.0,mins,Silver
143,2014-11,9,mobile,150.0,mins,Silver
144,2014-11,8,mobile,150.0,mins,Silver
145,2014-11,6,mobile,150.0,mins,Silver
146,2014-11,15,mobile,600.0,mins,Bronze
147,2014-11,6,mobile,1650.0,mins,Silver
148,2014-11,7,mobile,150.0,mins,Silver
149,2014-11,8,mobile,150.0,mins,Silver
150,2014-11,9,mobile,24900.0,mins,Silver
151,2014-11,3,data,22.2,GBs,Gold
152,2014-11,10,mobile,8250.0,mins,Silver
153,2014-11,1,mobile,150.0,mins,Gold
154,2014-11,5,mobile,150.0,mins,Gold
155,2014-11,1,mobile,150.0,mins,Gold
156,2014-11,1,mobile,4350.0,mins,Gold
157,2014-11,3,mobile,150.0,mins,Gold
158,2014-11,1,mobile,150.0,mins,Gold
159,2014-11,10,data,29.1,GBs,Silver
160,2014-11,2,mobile,150.0,mins,Gold
161,2014-11,2,mobile,150.0,mins,Gold
162,2014-11,4,mobile,22500.0,mins,Gold
163,2014-11,9,mobile,13350.0,mins,Silver
164,2014-11,7,mobile,11250.0,mins,Silver
165,2014-11,10,mobile,750.0,mins,Silver
166,2014-11,5,mobile,1200.0,mins,Gold
167,2014-11,1,mobile,150.0,mins,Gold
168,2014-11,13,mobile,41850.0,mins,Bronze
169,2014-11,1,mobile,67800.0,mins,Gold
170,2014-11,8,data,12.7,GBs,Silver
171,2014-11,3,mobile,180750.0,mins,Gold
172,2014-11,7,mobile,32700.0,mins,Silver
173,2014-11,2,mobile,150.0,mins,Gold
174,2014-11,5,mobile,150.0,mins,Gold
175,2014-11,4,mobile,150.0,mins,Gold
176,2014-11,2,mobile,150.0,mins,Gold
177,2014-11,4,mobile,150.0,mins,Gold
178,2014-11,3,mobile,150.0,mins,Gold
179,2014-11,3,mobile,150.0,mins,Gold
180,2014-11,1,mobile,150.0,mins,Gold
181,2014-11,5,mobile,150.0,mins,Gold
182,2014-11,4,data,17.9,GBs,Gold
183,2014-11,8,mobile,6150.0,mins,Silver
184,2014-11,11,mobile,900.0,mins,Bronze
185,2014-11,6,mobile,150.0,mins,Silver
186,2014-11,7,mobile,150.0,mins,Silver
187,2014-11,10,mobile,150.0,mins,Silver
188,2014-11,7,mobile,150.0,mins,Silver
189,2014-11,2,data,30.6,GBs,Gold
190,2014-11,12,mobile,2100.0,mins,Bronze
191,2014-11,7,mobile,450.0,mins,Silver
192,2014-11,3,data,13.7,GBs,Gold
193,2014-11,1,mobile,26700.0,mins,Gold
194,2014-11,7,mobile,61800.0,mins,Silver
195,2014-11,7,mobile,1950.0,mins,Silver
196,2014-11,8,mobile,68850.0,mins,Silver
197,2014-11,6,mobile,150.0,mins,Silver
198,2014-11,9,mobile,150.0,mins,Silver
199,2014-11,11,data,42.9,GBs,Bronze
200,2014-11,1,mobile,450.0,mins,Gold
201,2014-11,4,mobile,450.0,mins,Gold
202,2014-11,7,mobile,150.0,mins,Silver
203,2014-11,10,mobile,5400.0,mins,Silver
204,2014-11,7,mobile,150.0,mins,Silver
205,2014-11,10,mobile,150.0,mins,Silver
206,2014-11,8,mobile,150.0,mins,Silver
207,2014-11,10,mobile,150.0,mins,Silver
208,2014-11,11,data,17.3,GBs,Bronze
209,2014-11,3,mobile,150.0,mins,Gold
210,2014-11,9,mobile,150.0,mins,Silver
211,2014-11,5,mobile,150.0,mins,Gold
212,2014-11,6,mobile,150.0,mins,Silver
213,2014-11,10,mobile,150.0,mins,Silver
214,2014-11,3,mobile,150.0,mins,Gold
215,2014-11,4,mobile,150.0,mins,Gold
216,2014-11,13,landline,4.0,mins,Bronze
217,2014-11,4,mobile,150.0,mins,Gold
218,2014-11,3,mobile,150.0,mins,Gold
219,2014-11,4,mobile,150.0,mins,Gold
220,2014-11,3,mobile,150.0,mins,Gold
221,2014-11,10,mobile,150.0,mins,Silver
222,2014-11,6,mobile,21750.0,mins,Silver
223,2014-11,9,mobile,150150.0,mins,Silver
224,2014-11,2,mobile,1050.0,mins,Gold
225,2014-11,7,mobile,150.0,mins,Silver
226,2014-11,10,mobile,150.0,mins,Silver
227,2014-11,3,mobile,150.0,mins,Gold
228,2014-12,15,data,21.1,GBs,Bronze
229,2014-11,6,mobile,150.0,mins,Silver
230,2014-11,3,mobile,150.0,mins,Gold
231,2014-12,8,data,17.3,GBs,Silver
232,2014-12,11,voicemail,124.0,mins,Bronze
233,2014-12,4,mobile,150.0,mins,Gold
234,2014-12,12,data,5865.9,GBs,Bronze
235,2014-12,6,data,26.8,GBs,Silver
236,2014-12,4,mobile,600.0,mins,Gold
237,2014-12,8,data,14.2,GBs,Silver
238,2014-12,14,data,97.4,GBs,Bronze
239,2014-12,1,mobile,150.0,mins,Gold
240,2014-12,1,mobile,150.0,mins,Gold
241,2014-12,2,mobile,150.0,mins,Gold
242,2014-12,1,mobile,150.0,mins,Gold
243,2014-12,3,mobile,150.0,mins,Gold
244,2014-12,4,mobile,150.0,mins,Gold
245,2014-12,1,mobile,150.0,mins,Gold
246,2014-12,1,mobile,150.0,mins,Gold
247,2014-12,2,mobile,150.0,mins,Gold
248,2014-12,2,mobile,150.0,mins,Gold
249,2014-12,9,data,13.4,GBs,Silver
250,2014-12,11,mobile,19200.0,mins,Bronze
251,2014-12,7,mobile,37350.0,mins,Silver
252,2014-12,6,mobile,318000.0,mins,Silver
253,2014-12,3,mobile,150.0,mins,Gold
254,2014-12,11,data,34.3,GBs,Bronze
255,2014-12,13,voicemail,71.0,mins,Bronze
256,2014-12,10,mobile,8400.0,mins,Silver
257,2014-12,9,mobile,150.0,mins,Silver
258,2014-12,6,mobile,1350.0,mins,Silver
259,2014-12,10,mobile,450.0,mins,Silver
260,2014-12,6,mobile,450.0,mins,Silver
261,2014-12,15,mobile,2550.0,mins,Bronze
262,2014-12,4,mobile,150.0,mins,Gold
263,2014-12,14,data,11.5,GBs,Bronze
264,2014-12,8,mobile,150.0,mins,Silver
265,2014-12,6,mobile,150.0,mins,Silver
266,2014-12,6,mobile,150.0,mins,Silver
267,2014-12,12,landline,8.0,mins,Bronze
268,2014-12,2,mobile,147300.0,mins,Gold
269,2014-12,14,landline,11.0,mins,Bronze
270,2014-12,6,mobile,5100.0,mins,Silver
271,2014-12,9,mobile,1200.0,mins,Silver
272,2014-12,12,mobile,90000.0,mins,Bronze
273,2014-12,6,mobile,36600.0,mins,Silver
274,2014-12,15,mobile,27900.0,mins,Bronze
275,2014-12,1,data,13.0,GBs,Gold
276,2014-12,10,mobile,11250.0,mins,Silver
277,2014-12,4,mobile,13500.0,mins,Gold
278,2014-12,4,mobile,1950.0,mins,Gold
279,2014-12,1,mobile,3000.0,mins,Gold
280,2014-12,2,mobile,300.0,mins,Gold
281,2014-12,12,data,33.8,GBs,Bronze
282,2014-12,8,mobile,31200.0,mins,Silver
283,2014-12,8,mobile,16050.0,mins,Silver
284,2014-12,6,mobile,8250.0,mins,Silver
285,2014-12,9,mobile,750.0,mins,Silver
286,2014-12,9,mobile,3000.0,mins,Silver
287,2014-12,10,mobile,300.0,mins,Silver
288,2014-12,1,data,81.1,GBs,Gold
289,2014-12,6,mobile,150.0,mins,Silver
290,2014-12,8,mobile,600.0,mins,Silver
291,2014-12,13,data,32.8,GBs,Bronze
292,2014-12,4,mobile,3150.0,mins,Gold
293,2014-12,9,mobile,150.0,mins,Silver
294,2014-12,6,mobile,150.0,mins,Silver
295,2014-12,9,mobile,17100.0,mins,Silver
296,2014-12,9,mobile,150.0,mins,Silver
297,2014-12,8,mobile,12150.0,mins,Silver
298,2014-12,13,voicemail,174.0,mins,Bronze
299,2014-12,13,mobile,10650.0,mins,Bronze
300,2014-12,13,mobile,6000.0,mins,Bronze
301,2014-12,14,voicemail,29.0,mins,Bronze
302,2014-12,15,mobile,5550.0,mins,Bronze
303,2014-12,12,voicemail,63.0,mins,Bronze
304,2014-12,7,mobile,150.0,mins,Silver
305,2014-12,12,data,24.4,GBs,Bronze
306,2014-12,10,mobile,2100.0,mins,Silver
307,2014-12,5,mobile,150.0,mins,Gold
308,2014-12,5,mobile,150.0,mins,Gold
309,2014-12,10,mobile,600.0,mins,Silver
310,2014-12,3,mobile,150.0,mins,Gold
311,2014-12,8,mobile,1500.0,mins,Silver
312,2014-12,9,mobile,450.0,mins,Silver
313,2014-12,6,mobile,450.0,mins,Silver
314,2014-12,9,mobile,450.0,mins,Silver
315,2014-12,8,mobile,150.0,mins,Silver
316,2014-12,10,mobile,150.0,mins,Silver
317,2014-12,9,mobile,150.0,mins,Silver
318,2014-12,10,mobile,150.0,mins,Silver
319,2014-12,6,mobile,150.0,mins,Silver
320,2014-12,10,mobile,450.0,mins,Silver
321,2014-12,1,data,21.0,GBs,Gold
322,2014-12,10,mobile,167400.0,mins,Silver
323,2014-12,7,mobile,150.0,mins,Silver
324,2014-12,1,data,12.6,GBs,Gold
325,2014-12,7,mobile,150.0,mins,Silver
326,2014-12,7,mobile,150.0,mins,Silver
327,2014-12,13,mobile,21450.0,mins,Bronze
328,2014-12,13,data,16.3,GBs,Bronze
329,2014-12,10,mobile,22650.0,mins,Silver
330,2014-12,8,data,18.8,GBs,Silver
331,2014-12,10,mobile,150.0,mins,Silver
332,2014-12,8,mobile,150.0,mins,Silver
333,2014-12,8,mobile,150.0,mins,Silver
334,2014-12,7,mobile,150.0,mins,Silver
335,2014-12,9,mobile,150.0,mins,Silver
336,2014-12,6,mobile,150.0,mins,Silver
337,2014-12,7,mobile,600.0,mins,Silver
338,2014-12,3,data,177.8,GBs,Gold
339,2014-12,7,mobile,150.0,mins,Silver
340,2014-12,9,mobile,150.0,mins,Silver
341,2014-12,6,data,41.0,GBs,Silver
342,2014-12,10,mobile,78900.0,mins,Silver
343,2014-12,10,data,11.9,GBs,Silver
344,2014-12,11,landline,844.0,mins,Bronze
345,2014-12,15,mobile,57450.0,mins,Bronze
346,2014-12,7,data,39.9,GBs,Silver
347,2014-12,3,mobile,900.0,mins,Gold
348,2014-12,6,mobile,5550.0,mins,Silver
349,2014-12,7,mobile,2250.0,mins,Silver
350,2014-12,14,voicemail,71.0,mins,Bronze
351,2014-12,3,data,19.7,GBs,Gold
352,2014-12,12,landline,465.0,mins,Bronze
353,2014-12,11,mobile,22950.0,mins,Bronze
354,2014-12,8,mobile,123900.0,mins,Silver
355,2014-12,7,data,16.6,GBs,Silver
356,2014-12,7,mobile,66300.0,mins,Silver
357,2014-12,4,mobile,150.0,mins,Gold
358,2014-12,11,mobile,150.0,mins,Bronze
359,2014-12,1,mobile,150.0,mins,Gold
360,2014-12,12,world,1.0,mins,Bronze
361,2014-12,14,world,1.0,mins,Bronze
362,2014-12,10,mobile,28650.0,mins,Silver
363,2014-12,4,data,63.2,GBs,Gold
364,2014-12,11,voicemail,99.0,mins,Bronze
365,2014-12,10,mobile,64200.0,mins,Silver
366,2014-12,10,mobile,450.0,mins,Silver
367,2014-12,8,mobile,109050.0,mins,Silver
368,2014-12,11,mobile,4950.0,mins,Bronze
369,2014-12,10,mobile,18000.0,mins,Silver
370,2014-12,15,world,1.0,mins,Bronze
371,2014-12,14,world,1.0,mins,Bronze
372,2014-12,6,data,165.1,GBs,Silver
373,2014-12,9,mobile,8250.0,mins,Silver
374,2014-12,11,data,126.5,GBs,Bronze
375,2014-12,14,mobile,4200.0,mins,Bronze
376,2014-12,12,data,15.4,GBs,Bronze
377,2014-12,3,data,20.8,GBs,Gold
378,2014-12,13,data,40.3,GBs,Bronze
379,2014-12,1,mobile,16800.0,mins,Gold
380,2014-12,4,mobile,7800.0,mins,Gold
381,2015-01,11,data,141.9,GBs,Bronze
382,2014-12,6,mobile,33450.0,mins,Silver
383,2014-12,15,landline,14.0,mins,Bronze
384,2014-12,12,landline,8.0,mins,Bronze
385,2014-12,14,landline,74.0,mins,Bronze
386,2015-01,6,data,18.6,GBs,Silver
387,2014-12,12,voicemail,59.0,mins,Bronze
388,2014-12,10,mobile,3750.0,mins,Silver
389,2015-01,4,data,22.9,GBs,Gold
390,2015-01,9,mobile,150.0,mins,Silver
391,2015-01,9,mobile,150.0,mins,Silver
392,2015-01,9,mobile,600.0,mins,Silver
393,2015-01,3,mobile,150.0,mins,Gold
394,2015-01,8,mobile,150.0,mins,Silver
395,2015-01,10,mobile,150.0,mins,Silver
396,2015-01,9,data,13.9,GBs,Silver
397,2015-01,8,data,13.5,GBs,Silver
398,2015-01,1,mobile,278850.0,mins,Gold
399,2015-01,3,mobile,150.0,mins,Gold
400,2015-01,7,data,95.2,GBs,Silver
401,2015-01,7,mobile,9150.0,mins,Silver
402,2015-01,8,mobile,40200.0,mins,Silver
403,2015-01,8,mobile,28800.0,mins,Silver
404,2015-01,10,mobile,2100.0,mins,Silver
405,2015-01,10,mobile,2550.0,mins,Silver
406,2015-01,11,mobile,6900.0,mins,Bronze
407,2015-01,7,mobile,600.0,mins,Silver
408,2015-01,9,mobile,600.0,mins,Silver
409,2015-01,7,data,485.0,GBs,Silver
410,2015-01,1,mobile,150.0,mins,Gold
411,2015-01,9,mobile,6150.0,mins,Silver
412,2015-01,9,mobile,450.0,mins,Silver
413,2015-01,14,mobile,32550.0,mins,Bronze
414,2015-01,10,mobile,2700.0,mins,Silver
415,2015-01,6,mobile,8700.0,mins,Silver
416,2015-01,13,mobile,7200.0,mins,Bronze
417,2015-01,12,mobile,81450.0,mins,Bronze
418,2015-01,6,mobile,19650.0,mins,Silver
419,2015-01,5,mobile,150.0,mins,Gold
420,2015-01,8,data,25.4,GBs,Silver
421,2015-01,11,mobile,150.0,mins,Bronze
422,2015-01,15,mobile,150.0,mins,Bronze
423,2015-01,10,mobile,82950.0,mins,Silver
424,2015-01,14,mobile,150.0,mins,Bronze
425,2015-01,9,mobile,8100.0,mins,Silver
426,2015-01,6,data,153.0,GBs,Silver
427,2015-01,9,data,42.0,GBs,Silver
428,2015-01,12,mobile,73350.0,mins,Bronze
429,2015-01,2,mobile,150.0,mins,Gold
430,2015-01,6,mobile,150.0,mins,Silver
431,2015-01,2,mobile,6900.0,mins,Gold
432,2015-01,2,mobile,150.0,mins,Gold
433,2015-01,3,mobile,7050.0,mins,Gold
434,2015-01,5,mobile,150.0,mins,Gold
435,2015-01,1,mobile,150.0,mins,Gold
436,2015-01,4,mobile,150.0,mins,Gold
437,2015-01,1,mobile,150.0,mins,Gold
438,2015-01,12,mobile,84900.0,mins,Bronze
439,2015-01,6,mobile,150.0,mins,Silver
440,2015-01,6,mobile,150.0,mins,Silver
441,2015-01,10,mobile,143400.0,mins,Silver
442,2015-01,13,mobile,8250.0,mins,Bronze
443,2015-01,4,data,16.9,GBs,Gold
444,2015-01,13,voicemail,145.0,mins,Bronze
445,2015-01,15,landline,40.0,mins,Bronze
446,2015-01,7,mobile,67350.0,mins,Silver
447,2015-01,1,mobile,150.0,mins,Gold
448,2015-01,15,landline,37.0,mins,Bronze
449,2015-01,5,mobile,150.0,mins,Gold
450,2015-01,11,voicemail,39.0,mins,Bronze
451,2015-01,11,landline,28.0,mins,Bronze
452,2015-01,4,mobile,150.0,mins,Gold
453,2015-01,15,data,42.0,GBs,Bronze
454,2015-01,9,mobile,600.0,mins,Silver
455,2015-01,15,mobile,35100.0,mins,Bronze
456,2015-01,10,mobile,24750.0,mins,Silver
457,2015-01,10,mobile,450.0,mins,Silver
458,2015-01,3,mobile,150.0,mins,Gold
459,2015-01,1,mobile,5550.0,mins,Gold
460,2015-01,10,mobile,750.0,mins,Silver
461,2015-01,10,mobile,600.0,mins,Silver
462,2015-01,10,mobile,150.0,mins,Silver
463,2015-01,8,data,1051.6,GBs,Silver
464,2015-01,1,mobile,150.0,mins,Gold
465,2015-01,9,data,26.2,GBs,Silver
466,2015-01,14,voicemail,101.0,mins,Bronze
467,2015-01,4,mobile,150.0,mins,Gold
468,2015-01,10,data,1192.2,GBs,Silver
469,2015-01,9,mobile,150.0,mins,Silver
470,2015-01,8,mobile,150.0,mins,Silver
471,2015-01,8,mobile,150.0,mins,Silver
472,2015-01,9,mobile,150.0,mins,Silver
473,2015-01,6,data,10.8,GBs,Silver
474,2015-01,7,data,97.3,GBs,Silver
475,2015-01,13,mobile,55200.0,mins,Bronze
476,2015-01,6,data,29.8,GBs,Silver
477,2015-01,6,mobile,150.0,mins,Silver
478,2015-01,6,mobile,150.0,mins,Silver
479,2015-01,10,mobile,150.0,mins,Silver
480,2015-01,8,mobile,150.0,mins,Silver
481,2015-01,6,mobile,150.0,mins,Silver
482,2015-01,8,mobile,150.0,mins,Silver
483,2015-01,9,mobile,150.0,mins,Silver
484,2015-01,7,mobile,150.0,mins,Silver
485,2015-01,9,mobile,150.0,mins,Silver
486,2015-01,9,mobile,150.0,mins,Silver
487,2015-01,10,mobile,150.0,mins,Silver
488,2015-01,7,mobile,150.0,mins,Silver
489,2015-01,9,mobile,150.0,mins,Silver
490,2015-01,9,mobile,150.0,mins,Silver
491,2015-01,7,mobile,150.0,mins,Silver
492,2015-01,7,mobile,150.0,mins,Silver
493,2015-01,9,mobile,150.0,mins,Silver
494,2015-01,7,mobile,150.0,mins,Silver
495,2015-01,9,mobile,150.0,mins,Silver
496,2015-01,11,data,21.0,GBs,Bronze
497,2015-01,9,mobile,750.0,mins,Silver
498,2015-01,10,mobile,53700.0,mins,Silver
499,2015-01,13,landline,526.0,mins,Bronze
500,2015-01,3,mobile,150.0,mins,Gold
501,2015-01,3,mobile,150.0,mins,Gold
502,2015-01,5,mobile,150.0,mins,Gold
503,2015-01,3,mobile,150.0,mins,Gold
504,2015-01,13,data,29.9,GBs,Bronze
505,2015-01,6,data,11.5,GBs,Silver
506,2015-01,3,mobile,96000.0,mins,Gold
507,2015-01,9,mobile,150.0,mins,Silver
508,2015-01,8,mobile,150.0,mins,Silver
509,2015-01,15,data,22.3,GBs,Bronze
510,2015-01,3,mobile,23700.0,mins,Gold
511,2015-01,6,mobile,15600.0,mins,Silver
512,2015-01,2,data,41.8,GBs,Gold
513,2015-01,5,mobile,450.0,mins,Gold
514,2015-01,1,mobile,900.0,mins,Gold
515,2015-01,4,mobile,6150.0,mins,Gold
516,2015-01,6,data,801.3,GBs,Silver
517,2015-01,14,landline,56.0,mins,Bronze
518,2015-01,12,landline,128.0,mins,Bronze
519,2015-01,6,mobile,11550.0,mins,Silver
520,2015-01,10,mobile,750.0,mins,Silver
521,2015-01,9,mobile,150.0,mins,Silver
522,2015-01,10,mobile,150.0,mins,Silver
523,2015-01,14,landline,144.0,mins,Bronze
524,2015-01,9,mobile,14850.0,mins,Silver
525,2015-01,14,landline,60.0,mins,Bronze
526,2015-01,10,mobile,102300.0,mins,Silver
527,2015-01,13,mobile,5400.0,mins,Bronze
528,2015-01,10,mobile,110100.0,mins,Silver
529,2015-01,1,data,18.1,GBs,Gold
530,2015-01,8,mobile,150.0,mins,Silver
531,2015-01,10,mobile,150.0,mins,Silver
532,2015-01,7,mobile,2400.0,mins,Silver
533,2015-01,5,mobile,44250.0,mins,Gold
534,2015-01,4,mobile,150.0,mins,Gold
535,2015-01,8,mobile,15900.0,mins,Silver
536,2015-01,5,mobile,4350.0,mins,Gold
537,2015-01,3,data,15.6,GBs,Gold
538,2015-01,4,mobile,150.0,mins,Gold
539,2015-01,3,mobile,150.0,mins,Gold
540,2015-01,1,mobile,150.0,mins,Gold
541,2015-01,10,data,18.3,GBs,Silver
542,2015-01,6,mobile,600.0,mins,Silver
543,2015-01,7,mobile,450.0,mins,Silver
544,2015-01,7,mobile,3450.0,mins,Silver
545,2015-01,14,mobile,43500.0,mins,Bronze
546,2015-01,1,mobile,150.0,mins,Gold
547,2015-01,11,mobile,1800.0,mins,Bronze
548,2015-01,7,mobile,187050.0,mins,Silver
549,2015-01,4,mobile,150.0,mins,Gold
550,2015-01,4,mobile,150.0,mins,Gold
551,2015-01,5,mobile,150.0,mins,Gold
552,2015-01,5,mobile,150.0,mins,Gold
553,2015-01,3,mobile,150.0,mins,Gold
554,2015-01,4,mobile,150.0,mins,Gold
555,2015-01,13,data,121.6,GBs,Bronze
556,2015-01,8,mobile,150.0,mins,Silver
557,2015-01,10,mobile,4950.0,mins,Silver
558,2015-01,1,mobile,600.0,mins,Gold
559,2015-01,5,mobile,8550.0,mins,Gold
560,2015-01,5,data,40.1,GBs,Gold
561,2015-01,10,mobile,300.0,mins,Silver
562,2015-01,1,mobile,900.0,mins,Gold
563,2015-01,5,mobile,59700.0,mins,Gold
564,2015-01,6,mobile,61800.0,mins,Silver
565,2015-01,6,mobile,85200.0,mins,Silver
566,2015-01,3,mobile,150.0,mins,Gold
567,2015-01,4,mobile,150.0,mins,Gold
568,2015-01,7,data,18.0,GBs,Silver
569,2015-01,1,mobile,150.0,mins,Gold
570,2015-01,6,mobile,30150.0,mins,Silver
571,2015-01,4,data,53.2,GBs,Gold
572,2015-01,8,mobile,2700.0,mins,Silver
573,2015-01,10,mobile,1050.0,mins,Silver
574,2015-01,7,mobile,600.0,mins,Silver
575,2015-01,5,mobile,150.0,mins,Gold
576,2015-01,5,mobile,150.0,mins,Gold
577,2015-02,1,data,30.1,GBs,Gold
578,2015-01,6,mobile,75450.0,mins,Silver
579,2015-01,8,mobile,150.0,mins,Silver
580,2015-01,8,mobile,150.0,mins,Silver
581,2015-01,6,mobile,150.0,mins,Silver
582,2015-01,3,mobile,150.0,mins,Gold
583,2015-01,2,mobile,150.0,mins,Gold
584,2015-01,11,landline,105.0,mins,Bronze
585,2015-01,12,landline,466.0,mins,Bronze
586,2015-02,1,data,139.3,GBs,Gold
587,2015-01,13,landline,13.0,mins,Bronze
588,2015-01,10,mobile,59550.0,mins,Silver
589,2015-01,6,mobile,5400.0,mins,Silver
590,2015-01,2,mobile,150.0,mins,Gold
591,2015-01,2,mobile,150.0,mins,Gold
592,2015-01,7,mobile,150.0,mins,Silver
593,2015-01,6,mobile,150.0,mins,Silver
594,2015-02,3,data,16.4,GBs,Gold
595,2015-02,8,mobile,4200.0,mins,Silver
596,2015-02,12,special,1.0,mins,Bronze
597,2015-02,13,mobile,25200.0,mins,Bronze
598,2015-02,15,data,20.6,GBs,Bronze
599,2015-02,6,mobile,150.0,mins,Silver
600,2015-02,10,mobile,9150.0,mins,Silver
601,2015-02,9,mobile,2100.0,mins,Silver
602,2015-02,6,mobile,3000.0,mins,Silver
603,2015-02,14,mobile,61650.0,mins,Bronze
604,2015-02,2,mobile,150.0,mins,Gold
605,2015-02,2,mobile,150.0,mins,Gold
606,2015-02,3,mobile,150.0,mins,Gold
607,2015-02,2,mobile,150.0,mins,Gold
608,2015-02,10,mobile,150.0,mins,Silver
609,2015-02,10,mobile,150.0,mins,Silver
610,2015-02,2,data,19.7,GBs,Gold
611,2015-02,8,mobile,11700.0,mins,Silver
612,2015-02,15,mobile,12300.0,mins,Bronze
613,2015-02,2,data,12.6,GBs,Gold
614,2015-02,10,mobile,71700.0,mins,Silver
615,2015-02,12,mobile,105000.0,mins,Bronze
616,2015-02,1,data,38.4,GBs,Gold
617,2015-02,1,mobile,150.0,mins,Gold
618,2015-02,14,mobile,15450.0,mins,Bronze
619,2015-02,13,mobile,7950.0,mins,Bronze
620,2015-02,14,mobile,5700.0,mins,Bronze
621,2015-02,11,data,36.6,GBs,Bronze
622,2015-02,1,mobile,150.0,mins,Gold
623,2015-02,3,mobile,150.0,mins,Gold
624,2015-02,5,mobile,150.0,mins,Gold
625,2015-02,2,data,27.3,GBs,Gold
626,2015-02,10,mobile,7200.0,mins,Silver
627,2015-02,14,voicemail,93.0,mins,Bronze
628,2015-02,2,mobile,150.0,mins,Gold
629,2015-02,11,voicemail,27.0,mins,Bronze
630,2015-02,10,mobile,39750.0,mins,Silver
631,2015-02,14,mobile,116550.0,mins,Bronze
632,2015-02,10,mobile,163500.0,mins,Silver
633,2015-02,3,mobile,73650.0,mins,Gold
634,2015-02,2,data,22.1,GBs,Gold
635,2015-02,11,voicemail,41.0,mins,Bronze
636,2015-02,1,mobile,166050.0,mins,Gold
637,2015-02,12,data,12.7,GBs,Bronze
638,2015-02,15,landline,29.0,mins,Bronze
639,2015-02,13,mobile,30000.0,mins,Bronze
640,2015-02,7,mobile,19350.0,mins,Silver
641,2015-02,5,mobile,150.0,mins,Gold
642,2015-02,4,mobile,150.0,mins,Gold
643,2015-02,2,mobile,150.0,mins,Gold
644,2015-02,14,mobile,30900.0,mins,Bronze
645,2015-02,15,data,19.3,GBs,Bronze
646,2015-02,13,data,20.3,GBs,Bronze
647,2015-02,1,mobile,600.0,mins,Gold
648,2015-02,7,mobile,279450.0,mins,Silver
649,2015-02,4,data,15.7,GBs,Gold
650,2015-02,8,mobile,15600.0,mins,Silver
651,2015-02,6,mobile,75150.0,mins,Silver
652,2015-02,13,data,23.4,GBs,Bronze
653,2015-02,10,mobile,5550.0,mins,Silver
654,2015-02,6,mobile,5400.0,mins,Silver
655,2015-02,11,data,44.7,GBs,Bronze
656,2015-02,5,mobile,1200.0,mins,Gold
657,2015-02,12,landline,7.0,mins,Bronze
658,2015-02,12,landline,272.0,mins,Bronze
659,2015-02,4,data,7308.2,GBs,Gold
660,2015-02,1,mobile,150.0,mins,Gold
661,2015-02,4,mobile,150.0,mins,Gold
662,2015-02,15,mobile,38250.0,mins,Bronze
663,2015-02,3,mobile,150.0,mins,Gold
664,2015-02,6,mobile,54300.0,mins,Silver
665,2015-02,12,mobile,15000.0,mins,Bronze
666,2015-02,14,mobile,11100.0,mins,Bronze
667,2015-02,12,data,32.9,GBs,Bronze
668,2015-02,15,mobile,4950.0,mins,Bronze
669,2015-02,12,mobile,6750.0,mins,Bronze
670,2015-02,4,data,36.5,GBs,Gold
671,2015-02,14,mobile,4650.0,mins,Bronze
672,2015-02,2,mobile,1050.0,mins,Gold
673,2015-02,8,data,25.3,GBs,Silver
674,2015-02,11,landline,103.0,mins,Bronze
675,2015-02,15,data,11.6,GBs,Bronze
676,2015-02,11,mobile,42000.0,mins,Bronze
677,2015-02,11,mobile,27450.0,mins,Bronze
678,2015-02,11,mobile,150.0,mins,Bronze
679,2015-02,13,mobile,150.0,mins,Bronze
680,2015-02,10,mobile,150.0,mins,Silver
681,2015-02,10,mobile,150.0,mins,Silver
682,2015-02,13,landline,7.0,mins,Bronze
683,2015-02,9,data,26.5,GBs,Silver
684,2015-02,6,mobile,900.0,mins,Silver
685,2015-02,2,data,28.9,GBs,Gold
686,2015-02,11,voicemail,21.0,mins,Bronze
687,2015-02,15,mobile,34050.0,mins,Bronze
688,2015-02,14,special,1.0,mins,Bronze
689,2015-02,14,data,1258469.1,GBs,Bronze
690,2015-02,12,voicemail,62.0,mins,Bronze
691,2015-02,15,landline,91.0,mins,Bronze
692,2015-02,3,data,22.8,GBs,Gold
693,2015-02,13,voicemail,24.0,mins,Bronze
694,2015-02,1,mobile,19200.0,mins,Gold
695,2015-02,6,mobile,3450.0,mins,Silver
696,2015-02,7,mobile,7650.0,mins,Silver
697,2015-02,9,data,38.6,GBs,Silver
698,2015-02,2,mobile,150.0,mins,Gold
699,2015-02,5,mobile,150.0,mins,Gold
700,2015-02,2,mobile,17850.0,mins,Gold
701,2015-02,2,mobile,150.0,mins,Gold
702,2015-02,7,mobile,600.0,mins,Silver
703,2015-02,1,mobile,150.0,mins,Gold
704,2015-02,7,mobile,150.0,mins,Silver
705,2015-02,7,mobile,150.0,mins,Silver
706,2015-02,8,mobile,150.0,mins,Silver
707,2015-02,8,mobile,150.0,mins,Silver
708,2015-02,11,landline,141.0,mins,Bronze
709,2015-02,7,mobile,119250.0,mins,Silver
710,2015-02,12,mobile,18150.0,mins,Bronze
711,2015-02,9,mobile,300.0,mins,Silver
712,2015-02,6,mobile,150.0,mins,Silver
713,2015-02,9,mobile,150.0,mins,Silver
714,2015-02,10,mobile,150.0,mins,Silver
715,2015-02,4,data,26.3,GBs,Gold
716,2015-02,14,landline,80.0,mins,Bronze
717,2015-02,13,data,13.6,GBs,Bronze
718,2015-02,8,mobile,97950.0,mins,Silver
719,2015-02,6,mobile,109350.0,mins,Silver
720,2015-02,6,mobile,13350.0,mins,Silver
721,2015-02,2,mobile,150.0,mins,Gold
722,2015-02,10,mobile,150.0,mins,Silver
723,2015-02,3,mobile,150.0,mins,Gold
724,2015-02,4,mobile,150.0,mins,Gold
725,2015-02,13,data,230.0,GBs,Bronze
726,2015-02,5,mobile,150.0,mins,Gold
727,2015-02,10,data,83.4,GBs,Silver
728,2015-02,1,data,90.8,GBs,Gold
729,2015-03,11,landline,69.0,mins,Bronze
730,2015-03,14,mobile,12900.0,mins,Bronze
731,2015-03,15,data,15.0,GBs,Bronze
732,2015-03,5,mobile,67650.0,mins,Gold
733,2015-03,4,mobile,1200.0,mins,Gold
734,2015-03,7,data,583.6,GBs,Silver
735,2015-03,8,mobile,15900.0,mins,Silver
736,2015-03,13,mobile,22200.0,mins,Bronze
737,2015-03,11,data,12.8,GBs,Bronze
738,2015-03,15,landline,21.0,mins,Bronze
739,2015-03,14,data,60.4,GBs,Bronze
740,2015-03,4,data,76257.4,GBs,Gold
741,2015-03,8,mobile,3600.0,mins,Silver
742,2015-03,9,mobile,349200.0,mins,Silver
743,2015-03,13,data,14.5,GBs,Bronze
744,2015-03,15,mobile,24750.0,mins,Bronze
745,2015-03,7,mobile,14100.0,mins,Silver
746,2015-03,4,data,17.6,GBs,Gold
747,2015-03,5,mobile,150.0,mins,Gold
748,2015-03,4,mobile,150.0,mins,Gold
749,2015-03,5,mobile,150.0,mins,Gold
750,2015-03,4,mobile,150.0,mins,Gold
751,2015-03,15,data,30.2,GBs,Bronze
752,2015-03,3,mobile,10200.0,mins,Gold
753,2015-03,7,data,18.3,GBs,Silver
754,2015-03,15,data,12.4,GBs,Bronze
755,2015-03,4,data,29.2,GBs,Gold
756,2015-03,13,landline,182.0,mins,Bronze
757,2015-03,5,data,14.1,GBs,Gold
758,2015-03,13,voicemail,107.0,mins,Bronze
759,2015-03,7,mobile,150.0,mins,Silver
760,2015-03,7,mobile,150.0,mins,Silver
761,2015-03,8,data,49.8,GBs,Silver
762,2015-03,12,mobile,17550.0,mins,Bronze
763,2015-03,2,mobile,19350.0,mins,Gold
764,2015-03,8,mobile,53400.0,mins,Silver
765,2015-03,14,mobile,150.0,mins,Bronze
766,2015-03,11,mobile,150.0,mins,Bronze
767,2015-03,15,mobile,150.0,mins,Bronze
768,2015-03,12,mobile,150.0,mins,Bronze
769,2015-03,11,mobile,29100.0,mins,Bronze
770,2015-03,12,mobile,34350.0,mins,Bronze
771,2015-03,4,mobile,4800.0,mins,Gold
772,2015-03,13,data,14.9,GBs,Bronze
773,2015-03,2,mobile,85500.0,mins,Gold
774,2015-03,15,voicemail,29.0,mins,Bronze
775,2015-03,11,data,1111.8,GBs,Bronze
776,2015-03,7,mobile,4050.0,mins,Silver
777,2015-03,9,mobile,16050.0,mins,Silver
778,2015-03,3,mobile,19200.0,mins,Gold
779,2015-03,6,data,15.8,GBs,Silver
780,2015-03,11,landline,335.0,mins,Bronze
781,2015-03,6,mobile,7350.0,mins,Silver
782,2015-03,9,mobile,750.0,mins,Silver
783,2015-03,11,landline,305.0,mins,Bronze
784,2015-03,11,landline,207.0,mins,Bronze
785,2015-03,11,landline,11.0,mins,Bronze
786,2015-03,12,landline,3.0,mins,Bronze
787,2015-03,15,landline,33.0,mins,Bronze
788,2015-03,7,mobile,53550.0,mins,Silver
789,2015-03,1,mobile,150.0,mins,Gold
790,2015-03,8,mobile,150.0,mins,Silver
791,2015-03,13,data,20.6,GBs,Bronze
792,2015-03,6,mobile,1350.0,mins,Silver
793,2015-03,13,data,95.4,GBs,Bronze
794,2015-03,3,mobile,150.0,mins,Gold
795,2015-03,4,mobile,150.0,mins,Gold
796,2015-03,2,mobile,150.0,mins,Gold
797,2015-03,2,mobile,150.0,mins,Gold
798,2015-03,5,mobile,150.0,mins,Gold
799,2015-03,10,mobile,69450.0,mins,Silver
800,2015-03,13,voicemail,2.0,mins,Bronze
801,2015-03,13,voicemail,93.0,mins,Bronze
802,2015-03,10,mobile,28800.0,mins,Silver
803,2015-03,12,mobile,5100.0,mins,Bronze
804,2015-03,2,data,13.4,GBs,Gold
805,2015-03,14,landline,76.0,mins,Bronze
806,2015-03,9,mobile,53250.0,mins,Silver
807,2015-03,5,mobile,111750.0,mins,Gold
808,2015-03,1,mobile,8550.0,mins,Gold
809,2015-03,4,mobile,198750.0,mins,Gold
810,2015-03,7,mobile,115200.0,mins,Silver
811,2015-03,15,data,35.1,GBs,Bronze
812,2015-03,5,mobile,150.0,mins,Gold
813,2015-03,1,mobile,150.0,mins,Gold
814,2015-03,6,mobile,150.0,mins,Silver
815,2015-03,7,mobile,150.0,mins,Silver
816,2015-03,11,landline,10528.0,mins,Bronze
817,2015-03,14,data,402.7,GBs,Bronze
818,2015-03,6,data,12.2,GBs,Silver
819,2015-03,9,data,33.3,GBs,Silver
820,2015-03,2,data,36.6,GBs,Gold
821,2015-03,13,data,88.9,GBs,Bronze
822,2015-03,14,data,13.4,GBs,Bronze
823,2015-03,15,data,13.1,GBs,Bronze
824,2015-03,2,data,53.9,GBs,Gold
825,2015-03,11,world,1.0,mins,Bronze
826,2015-03,1,mobile,150.0,mins,Gold
827,2015-03,2,data,38.4,GBs,Gold
828,2015-03,11,world,1.0,mins,Bronze
829,2015-03,15,world,1.0,mins,Bronze
